"short id","full name","party","state","state","distinct","canonical URL","url1","url2"
"abercrombie","Abercrombie, Neil","D"," Hawaii","HI",1,"http://house.gov/abercrombie/","gov.house.www/abercrombie",
"ackerman","Ackerman, Gary","D"," New York","NY",5,"http://house.gov/ackerman/","gov.house.www/ackerman",
"aderholt","Aderholt, Robert B.","R"," Alabama","AL",4,"http://house.gov/aderholt/",,
"akin","Akin, Todd","R"," Missouri","MO",2,"http://house.gov/akin/","gov.house.www/akin",
"alexander","Alexander, Rodney","R"," Louisiana","LA",5,"http://www.house.gov/alexander/",,
"tomallen","Allen, Tom","D"," Maine","ME",1,"http://tomallen.house.gov/",,
"andrews","Andrews, Robert E.","D"," New Jersey","NJ",1,"http://house.gov/andrews/","gov.house.www/andrews",
"baca","Baca, Joe","D"," California","CA",43,"http://www.house.gov/baca/","gov.house.www/baca",
"bachus","Bachus, Spencer","R"," Alabama","AL",6,"http://house.gov/bachus/","gov.house.www/bachus",
"baird","Baird, Brian","D"," Washington","WA",3,"http://house.gov/baird/","gov.house.www/baird",
"baker","Baker, Richard","R"," Louisiana","LA",6,"http://house.gov/baker/","gov.house.baker",
"tammybaldwin","Baldwin, Tammy","D"," Wisconsin","WI",2,"http://tammybaldwin.house.gov/","gov.house.tammybaldwin",
"ballance","Ballance, Frank W.","D"," North Carolina","NC",1,"http://www.house.gov/ballance/","gov.house.www/ballance",
"ballenger","Ballenger, Cass","R"," North Carolina","NC",10,"http://ballenger.house.gov/",,
"barrett","Barrett, J. Gresham","R"," South Carolina","SC",3,"http://www.house.gov/barrett/","gov.house.www/barrett",
"bartlett","Bartlett, Roscoe G.","R"," Maryland","MD",6,"http://www.bartlett.house.gov/","gov.house.bartlett.www/24seven","gov.house.bartlett.www/24Seven"
"joebarton","Barton, Joe","R"," Texas","TX",6,"http://joebarton.house.gov/",,
"bass","Bass, Charles F.","R"," New Hampshire","NH",2,"http://house.gov/bass/","gov.house.www/bass",
"beauprez","Beauprez, Bob","R"," Colorado","CO",7,"http://www.house.gov/beauprez/","gov.house.www/beauprez",
"becerra","Becerra, Xavier","D"," California","CA",31,"http://house.gov/becerra/","gov.house.www/becerra",
"bell","Bell, Chris","D"," Texas","TX",25,"http://bell.house.gov/","gov.house.bell",
"bereuter","Bereuter, Doug","R"," Nebraska","NE",1,"http://house.gov/bereuter/","gov.house.www/bereuter",
"berkley","Berkley, Shelley","D"," Nevada","NV",1,"http://house.gov/berkley/","gov.house.www/berkley",
"berman","Berman, Howard L.","D"," California","CA",28,"http://house.gov/berman/","gov.house.www/berman",
"berry","Berry, Marion","D"," Arkansas","AR",1,"http://house.gov/berry/","gov.house.www/berry",
"judybiggert","Biggert, Judy","R"," Illinois","IL",13,"http://judybiggert.house.gov/",,
"bilirakis","Bilirakis, Mike","R"," Florida","FL",9,"http://house.gov/bilirakis/","gov.house.www/bilirakis",
"robbishop","Bishop, Rob","R"," Utah","UT",1,"http://house.gov/bishop/","gov.house.www/bishop",
"bishop","Bishop, Sanford D.","D"," Georgia","GA",2,"http://www.house.gov/robbishop/",,
"timbishop","Bishop, Timothy H.","D"," New York","NY",1,"http://wwwc.house.gov/timbishop/",,
"blackburn","Blackburn, Marsha","R"," Tennessee","TN",7,"http://www.house.gov/blackburn/","gov.house.www/blackburn",
"blumenauer","Blumenauer, Earl","D"," Oregon","OR",3,"http://house.gov/blumenauer/","gov.house.www/blumenauer",
"blunt","Blunt, Roy","R"," Missouri","MO",7,"http://house.gov/blunt/","gov.house.blunt",
"boehlert","Boehlert, Sherwood","D"," New York","NY",24,"http://house.gov/boehlert/","gov.house.www/boehlert",
"johnboehner","Boehner, John","R"," Ohio","OH",8,"http://johnboehner.house.gov/",,
"bonilla","Bonilla, Henry","R"," Texas","TX",23,"http://house.gov/bonilla/","gov.house.www/bonilla",
"bonner","Bonner, Jo","R"," Alabama","AL",1,"http://www.house.gov/bonner/","gov.house.www/bonner",
"bono","Bono, Mary","R"," California","CA",45,"http://house.gov/bono/","gov.house.www/bono",
"boozman","Boozman, John","R"," Arkansas","AR",3,"http://house.gov/boozman/","gov.house.www/boozman",
"bordallo","Bordallo, Madeleine Z.","D"," Guam",,,"http://www.house.gov/bordallo/","gov.house.www/bordallo",
"boswell","Boswell, Leonard","D"," Iowa","IA",3,"http://house.gov/boswell/","gov.house.www/boswell",
"boucher","Boucher, Rick","D"," Virginia","VA",9,"http://house.gov/boucher/","gov.house.www/boucher",
"boyd","Boyd, Allen","D"," Florida","FL",2,"http://house.gov/boyd/","gov.house.www/boyd",
"bradley","Bradley, Jeb","R"," New Hampshire","NH",1,"http://www.house.gov/bradley/","gov.house.www/bradley",
"brady","Brady, Kevin","R"," Texas","TX",8,"http://house.gov/brady/","gov.house.www/brady",
"robertbrady","Brady, Robert A.","D"," Pennsylvania","PA",1,"http://house.gov/robertbrady/",,
"brown-waite","Brown-Waite, Virginia ""Ginny""","R"," Florida","FL",5,"http://www.house.gov/brown-waite/","gov.house.www/brown-waite",
"corrinebrown","Brown, Corrine","D"," Florida","FL",3,"http://house.gov/corrinebrown/","gov.house.www/corrinebrown",
"henrybrown","Brown, Henry","R"," South Carolina","SC",1,"http://house.gov/henrybrown/","gov.house.www/henrybrown",
"sherrodbrown","Brown, Sherrod","D"," Ohio","OH",13,"http://house.gov/sherrodbrown/","gov.house.www/sherrodbrown",
"burgess","Burgess, Michael C.","R"," Texas","TX",26,"http://burgess.house.gov/","gov.house.burgess",
"burr","Burr, Richard","R"," North Carolina","NC",5,"http://house.gov/burr/","gov.house.www/burr",
"burton","Burton, Dan","R"," Indiana","IN",5,"http://www.house.gov/burton/","gov.house.www/burton",
"buyer","Buyer, Steve","R"," Indiana","IN",4,"http://house.gov/buyer/","gov.house.www/buyer",
"calvert","Calvert, Ken","R"," California","CA",44,"http://house.gov/calvert/","gov.house.www/calvert",
"camp","Camp, Dave","R"," Michigan","MI",4,"http://wwwc.house.gov/camp/","gov.house.wwwc/camp","gov.house.wwwb/camp"
"cannon","Cannon, Chris","R"," Utah","UT",3,"http://house.gov/cannon/","gov.house.www/cannon","gov.house.chriscannon"
"cantor","Cantor, Eric","R"," Virginia","VA",7,"http://cantor.house.gov/","gov.house.www/cantor","gov.house.cantor"
"capito","Capito, Shelley Moore","R"," West Virginia","WV",2,"http://house.gov/capito/","gov.house.www/capito",
"capps","Capps, Lois","D"," California","CA",23,"http://house.gov/capps/","gov.house.www/capps",
"capuano","Capuano, Michael E.","D"," Massachusetts","MA",8,"http://house.gov/capuano/","gov.house.www/capuano",
"cardin","Cardin, Ben","D"," Maryland","MD",3,"http://house.gov/cardin/","gov.house.www/cardin",
"cardoza","Cardoza, Dennis A.","D"," California","CA",18,"http://www.house.gov/cardoza/","gov.house.www/cardoza",
"bradcarson","Carson, Brad","D"," Oklahoma","OK",2,"http://house.gov/bradcarson/","gov.house.www/bradcarson",
"juliacarson","Carson, Julia","D"," Indiana","IN",7,"http://www.juliacarson.house.gov/","gov.house.juliacarson.www/images","gov.house.juliacarson"
"carter","Carter, John R.","R"," Texas","TX",31,"http://www.house.gov/carter/","gov.house.www/carter",
"case","Case, Ed","D"," Hawaii","HI",2,"http://wwwc.house.gov/case/","gov.house.wwwc/case",
"castle","Castle, Michael N.","R"," Delaware","DE",,"http://house.gov/castle/","gov.house.www/castle",
"chabot","Chabot, Steve","R"," Ohio","OH",1,"http://house.gov/chabot/",,
"chocola","Chocola, Chris","R"," Indiana","IN",2,"http://www.house.gov/chocola/","gov.house.www/chocola",
"christian-christensen","Christian-Christensen, Donna",," U.S. Virgin Islands",,,"http://house.gov/christian-christensen/","gov.house.www/christian-christensen",
"clay","Clay, William Lacy, Jr.","D"," Missouri","MO",1,"http://house.gov/clay/","gov.house.www/clay",
"clyburn","Clyburn, James E.","D"," South Carolina","SC",6,"http://house.gov/clyburn/","gov.house.www/clyburn",
"coble","Coble, Howard","R"," North Carolina","NC",6,"http://house.gov/coble/","gov.house.www/coble",
"cole","Cole, Tom","R"," Oklahoma","OK",4,"http://www.house.gov/cole/","gov.house.www/cole",
"maccollins","Collins, Mac","R"," Georgia","GA",8,"http://www.house.gov/maccollins/",,
"conyers","Conyers, John","D"," Michigan","MI",14,"http://house.gov/conyers/","gov.house.www/conyers",
"costello","Costello, Jerry F.","D"," Illinois","IL",12,"http://house.gov/costello/","gov.house.www/costello",
"cox","Cox, Christopher","R"," California","CA",48,"http://cox.house.gov/","gov.house.cox",
"cramer","Cramer, Bud","D"," Alabama","AL",5,"http://house.gov/cramer/","gov.house.cramer",
"crane","Crane, Phil","R"," Illinois","IL",8,"http://house.gov/crane/","gov.house.www/crane",
"crenshaw","Crenshaw, Ander","R"," Florida","FL",4,"http://crenshaw.house.gov/",,
"crowley","Crowley, Joseph","D"," New York","NY",7,"http://crowley.house.gov/","gov.house.www/crowley",
"cubin","Cubin, Barbara","R"," Wyoming","WY",,"http://house.gov/cubin/","gov.house.www/cubin",
"culberson","Culberson, John","R"," Texas","TX",7,"http://www.culberson.house.gov/","gov.house.www/culberson","gov.house.culberson"
"cummings","Cummings, Elijah E.","D"," Maryland","MD",7,"http://house.gov/cummings/","gov.house.www/cummings",
"cunningham","Cunningham, Randy ""Duke""","R"," California","CA",50,"http://www.house.gov/cunningham/","gov.house.www/cunningham",
"arturdavis","Davis, Artur","D"," Alabama","AL",7,"http://www.house.gov/arturdavis/",,
"davis","Davis, Danny K.","D"," Illinois","IL",7,"http://house.gov/davis/","gov.house.www/davis",
"jimdavis","Davis, Jim","D"," Florida","FL",11,"http://house.gov/jimdavis/",,
"joanndavis","Davis, Jo Ann","R"," Virginia","VA",1,"http://house.gov/joanndavis/",,
"lincolndavis","Davis, Lincoln","D"," Tennessee","TN",4,"http://www.house.gov/lincolndavis/",,
"susandavis","Davis, Susan A.","D"," California","CA",53,"http://house.gov/susandavis/",,
"tomdavis","Davis, Thomas M.","R"," Virginia","VA",11,"http://house.gov/tomdavis/",,
"deal","Deal, Nathan","R"," Georgia","GA",10,"http://www.house.gov/deal/","gov.house.www/deal",
"defazio","DeFazio, Peter","D"," Oregon","OR",4,"http://house.gov/defazio/index.htm","gov.house.www/defazio","gov.house.defazio"
"degette","DeGette, Diana","D"," Colorado","CO",1,"http://house.gov/degette/","gov.house.www/degette",
"delahunt","Delahunt, Bill","D"," Massachusetts","MA",10,"http://house.gov/delahunt/","gov.house.www/delahunt",
"delauro","DeLauro, Rosa L.","D"," Connecticut","CT",3,"http://www.house.gov/delauro/","gov.house.www/delauro",
"tomdelay","DeLay, Tom","R"," Texas","TX",22,"http://tomdelay.house.gov/","gov.house.tomdelay",
"demint","DeMint, Jim","R"," South Carolina","SC",4,"http://demint.house.gov/","gov.house.demint",
"deutsch","Deutsch, Peter","D"," Florida","FL",20,"http://house.gov/deutsch/","gov.house.www/deutsch",
"diaz-balart","Diaz-Balart, Lincoln","R"," Florida","FL",21,"http://house.gov/diaz-balart/","gov.house.www/diaz-balart",
"mariodiaz-balart","Diaz-Balart, Mario","R"," Florida","FL",25,"http://www.house.gov/mariodiaz-balart/",,
"dicks","Dicks, Norm","D"," Washington","WA",6,"http://house.gov/dicks/","gov.house.www/dicks",
"dingell","Dingell, John D.","D"," Michigan","MI",15,"http://house.gov/dingell/","gov.house.www/dingell",
"doggett","Doggett, Lloyd","D"," Texas","TX",10,"http://house.gov/doggett/","gov.house.www/doggett",
"dooley","Dooley, Cal","D"," California","CA",20,"http://dooley.house.gov/","gov.house.dooley",
"doolittle","Doolittle, John T.","R"," California","CA",4,"http://house.gov/doolittle/","gov.house.www/doolittle",
"doyle","Doyle, Mike","D"," Pennsylvania","PA",14,"http://house.gov/doyle/","gov.house.www/doyle",
"dreier","Dreier, David","R"," California","CA",26,"http://dreier.house.gov/","gov.house.dreier",
"duncan","Duncan, John J.","R"," Tennessee","TN",2,"http://house.gov/duncan/","gov.house.www/duncan",
"dunn","Dunn, Jennifer","R"," Washington","WA",8,"http://house.gov/dunn/","gov.house.www/dunn",
"edwardschet","Edwards, Chet","D"," Texas","TX",11,"http://house.gov/edwards/",,
"ehlers","Ehlers, Vernon J.","R"," Michigan","MI",3,"http://house.gov/ehlers/","gov.house.www/ehlers",
"emanue","Emanuel, Rahm","D"," Illinois","IL",5,"http://www.house.gov/emanuel","gov.house.www/emanuel",
"emerson","Emerson, Jo Ann","R"," Missouri","MO",8,"http://house.gov/emerson/","gov.house.www/emerson",
"engel","Engel, Eliot L.","D"," New York","NY",17,"http://house.gov/engel/","gov.house.www/engel",
"english","English, Phil","R"," Pennsylvania","PA",3,"http://www.house.gov/english/","gov.house.www/english",
"www-eshoo","Eshoo, Anna","D"," California","CA",14,"http://www-eshoo.house.gov/","gov.house.www-eshoo",
"etheridge","Etheridge, Bob","D"," North Carolina","NC",2,"http://house.gov/etheridge/","gov.house.www/etheridge",
"evans","Evans, Lane","D"," Illinois","IL",17,"http://house.gov/evans/","gov.house.www/evans",
"everett","Everett, Terry","R"," Alabama","AL",2,"http://wwwc.house.gov/everett/","gov.house.wwwc/everett","gov.house.www/everett"
"faleomavaega","Faleomavaega, Eni F. H.",," American Samoa",,,"http://house.gov/faleomavaega/","gov.house.www/faleomavaega",
"farr","Farr, Sam","D"," California","CA",17,"http://house.gov/farr/","gov.house.www/farr",
"fattah","Fattah, Chaka","D"," Pennsylvania","PA",2,"http://house.gov/fattah/","gov.house.www/fattah",
"feeney","Feeney, Tom","R"," Florida","FL",24,"http://www.house.gov/feeney/",,
"ferguson","Ferguson, Mike","R"," New Jersey","NJ",7,"http://house.gov/ferguson/","gov.house.www/ferguson",
"filner","Filner, Bob","D"," California","CA",51,"http://www.house.gov/filner/","gov.house.www/filner",
"flake","Flake, Jeff","R"," Arizona","AZ",6,"http://www.house.gov/flake/","gov.house.www/flake",
"fletcher","Fletcher, Ernie","R"," Kentucky","KY",6,"http://house.gov/fletcher/","gov.house.www/fletcher",
"foley","Foley, Mark A.","R"," Florida","FL",16,"http://house.gov/foley/","gov.house.www/foley",
"forbes","Forbes, J. Randy","R"," Virginia","VA",4,"http://house.gov/forbes/","gov.house.www/forbes",
"ford","Ford, Harold"," Jr."," Tennessee","D",,"http://house.gov/ford/","gov.house.www/ford",
"fossella","Fossella, Vito J.","R"," New York","NY",13,"http://house.gov/fossella/","gov.house.www/fossella",
"frank","Frank, Barney","D"," Massachusetts","MA",4,"http://house.gov/frank/","gov.house.www/frank",
"franks","Franks, Trent","R"," Arizona","AZ",2,"http://www.house.gov/franks/",,
"frelinghuysen","Frelinghuysen, Rodney","R"," New Jersey","NJ",11,"http://house.gov/frelinghuysen/","gov.house.www/frelinghuysen",
"frost","Frost, Martin","D"," Texas","TX",24,"http://house.gov/frost/","gov.house.www/frost",
"gallegly","Gallegly, Elton","R"," California","CA",24,"http://house.gov/gallegly/","gov.house.www/gallegly",
"garrett","Garrett, Scott","R"," New Jersey","NJ",5,"http://www.house.gov/garrett/","gov.house.www/garrett",
"dickgephardt","Gephardt, Richard","D"," Missouri","MO",3,"http://dickgephardt.house.gov/","gov.house.dickgephardt",
"gerlach","Gerlach, Jim","R"," Pennsylvania","PA",6,"http://www.house.gov/gerlach/","gov.house.www/gerlach",
"gibbons","Gibbons, Jim","R"," Nevada","NV",2,"http://house.gov/gibbons/","gov.house.wwwc/gibbons","gov.house.www/gibbons"
"gilchrest","Gilchrest, Wayne","R"," Maryland","MD",1,"http://gilchrest.house.gov/","gov.house.gilchrest",
"gillmor","Gillmor, Paul","R"," Ohio","OH",5,"http://house.gov/gillmor/","gov.house.www/gillmor","gov.house.gillmor"
"gingrey","Gingrey, Phil","R"," Georgia","GA",11,"http://www.house.gov/gingrey/","gov.house.www/gingrey",
"gonzalez","Gonzalez, Charlie A.","D"," Texas","TX",20,"http://house.gov/gonzalez/","gov.house.www/gonzalez",
"goode","Goode, Virgil H.","R"," Virginia","VA",5,"http://house.gov/goode/","gov.house.www/goode",
"goodlatte","Goodlatte, Bob","R"," Virginia","VA",6,"http://house.gov/goodlatte/","gov.house.www/goodlatte",
"gordon","Gordon, Bart","D"," Tennessee","TN",6,"http://house.gov/gordon/","gov.house.gordon","gov.house.www/gordon"
"goss","Goss, Porter","R"," Florida","FL",14,"http://house.gov/goss/","gov.house.portergoss","gov.house.portergoss"
"kaygranger","Granger, Kay","R"," Texas","TX",12,"http://kaygranger.house.gov/","gov.house.kaygranger",
"graves","Graves, Sam","R"," Missouri","MO",6,"http://house.gov/graves/","gov.house.www/graves",
"green","Green, Gene","D"," Texas","TX",29,"http://house.gov/green/","gov.house.www/green",
"markgreen","Green, Mark","R"," Wisconsin","WI",8,"http://house.gov/markgreen/",,
"greenwood","Greenwood, James","R"," Pennsylvania","PA",8,"http://house.gov/greenwood/",,
"luisgutierrez","Gutierrez, Luis V.","D"," Illinois","IL",4,"http://luisgutierrez.house.gov/","gov.house.luisgutierrez",
"gutknecht","Gutknecht, Gil","R"," Minnesota","MN",1,"http://house.gov/gutknecht/","gov.house.www/gutknecht",
"ralphhall","Hall, Ralph","D"," Texas","TX",4,"http://house.gov/ralphhall/","gov.house.www/ralphhall",
"harman","Harman, Jane","D"," California","CA",36,"http://house.gov/harman/","gov.house.www/harman",
"harris","Harris, Katherine","R"," Florida","FL",13,"http://harris.house.gov/","gov.house.harris",
"hart","Hart, Melissa","R"," Pennsylvania","PA",4,"http://house.gov/hart/","gov.house.hart",
"hastert","Hastert, J. Dennis","R"," Illinois","IL",14,"http://house.gov/hastert/","gov.house.www/hastert",
"alceehastings","Hastings, Alcee","D"," Florida","FL",23,"http://house.gov/alceehastings/",,
"hastings","Hastings, Doc","R"," Washington","WA",4,"http://house.gov/hastings/","gov.house.www/hastings",
"hayes","Hayes, Robin","R"," North Carolina","NC",8,"http://www.hayes.house.gov/","gov.house.hayes",
"hayworth","Hayworth, J.D.","R"," Arizona","AZ",5,"http://www.house.gov/hayworth/","gov.house.www/hayworth",
"hefley","Hefley, Joel","R"," Colorado","CO",5,"http://house.gov/hefley/","gov.house.www/hefley",
"hensarling","Hensarling, Jeb","R"," Texas","TX",5,"http://www.house.gov/hensarling/","gov.house.www/hensarling",
"herger","Herger, Wally","R"," California","CA",2,"http://house.gov/herger/","gov.house.www/herger",
"baronhill","Hill, Baron","D"," Indiana","IN",9,"http://house.gov/baronhill/","gov.house.baronhill","gov.house.www/baronhill"
"hinchey","Hinchey, Maurice","D"," New York","NY",22,"http://house.gov/hinchey/","gov.house.www/hinchey",
"hobson","Hobson, Dave","R"," Ohio","OH",7,"http://house.gov/hobson/","gov.house.www/hobson",
"hoeffel","Hoeffel, Joe","D"," Pennsylvania","PA",13,"http://house.gov/hoeffel/","gov.house.hoeffel","gov.house.www/hoeffel"
"hoekstra","Hoekstra, Pete","R"," Michigan","MI",2,"http://house.gov/hoekstra/","gov.house.www/hoekstra",
"holden","Holden, Tim","D"," Pennsylvania","PA",17,"http://house.gov/holden/","gov.house.holden","gov.house.www/holden"
"rholt","Holt, Rush D., Jr.","D"," New Jersey","NJ",12,"http://house.gov/rholt/","gov.house.www/rholt",
"honda","Honda, Mike","D"," California","CA",15,"http://house.gov/honda/","gov.house.www/honda",
"hooley","Hooley, Darlene","D"," Oregon","OR",5,"http://house.gov/hooley/","gov.house.www/hooley",
"hostettler","Hostettler, John","R"," Indiana","IN",8,"http://house.gov/hostettler/","gov.house.www/hostettler",
"houghton","Houghton, Amo","R"," New York","NY",29,"http://houghton.house.gov/","gov.house.houghton","gov.house.www/houghton"
"hoyer","Hoyer, Steny","D"," Maryland","MD",5,"http://hoyer.house.gov/","gov.house.hoyer",
"hulshof","Hulshof, Kenny","R"," Missouri","MO",9,"http://house.gov/hulshof/","gov.house.www/hulshof",
"hunter","Hunter, Duncan","R"," California","CA",52,"http://house.gov/hunter/","gov.house.www/hunter",
"hyde","Hyde, Henry J.","R"," Illinois","IL",6,"http://house.gov/hyde/","gov.house.www/hyde",
"inslee","Inslee, Jay","D"," Washington","WA",1,"http://house.gov/inslee/",,
"isakson","Isakson, Johnny","R"," Georgia","GA",6,"http://isakson.house.gov/","gov.house.isakson",
"israel","Israel, Steve","D"," New York","NY",2,"http://house.gov/israel/","gov.house.www/israel",
"issa","Issa, Darrell","R"," California","CA",49,"http://www.house.gov/issa/","gov.house.issa",
"istook","Istook, Ernest J.","R"," Oklahoma","OK",5,"http://house.gov/istook/","gov.house.www/istook",
"jacksonlee","Jackson Lee, Sheila","D"," Texas","TX",18,"http://house.gov/jacksonlee/",,
"janklow","Janklow, William J.","R"," Louisiana","SD",,"http://www.house.gov/janklow/","gov.house.www/janklow",
"jefferson","Jefferson, William","D"," South Dakota","LA",2,"http://house.gov/jefferson/","gov.house.www/jefferson",
"jenkins","Jenkins, William L.","R"," Tennessee","TN",1,"http://house.gov/jenkins/","gov.house.www/jenkins",
"john","John, Chris","D"," Louisiana","LA",7,"http://house.gov/john/","gov.house.www/john",
"ebjohnson","Johnson, Eddie Bernice","D"," Texas","TX",30,"http://house.gov/ebjohnson/",,
"nancyjohnson","Johnson, Nancy L.","R"," Connecticut","CT",5,"http://house.gov/nancyjohnson/",,
"samjohnson","Johnson, Sam","R"," Texas","TX",3,"http://www.samjohnson.house.gov/",,
"timjohnson","Johnson, Timothy V.","R"," Illinois","IL",15,"http://house.gov/timjohnson/",,
"tubbsjones","Jones, Stephanie Tubbs","D"," Ohio","OH",11,"http://house.gov/tubbsjones/",,
"jones","Jones, Walter B.","R"," North Carolina","NC",3,"http://house.gov/jones/","gov.house.www/jones","gov.house.jones"
"kanjorski","Kanjorski, Paul E.","D"," Pennsylvania","PA",11,"http://house.gov/kanjorski/","gov.house.www/kanjorski",
"kaptur","Kaptur, Marcy","D"," Ohio","OH",9,"http://house.gov/kaptur/","gov.house.wwwc/kaptur","gov.house.www/kaptur"
"keller","Keller, Ric","R"," Florida","FL",8,"http://house.gov/keller/Frset.htm","gov.house.www/keller",
"suekelly","Kelly, Sue","R"," New York","NY",19,"http://house.gov/suekelly/","gov.house.www/suekelly",
"markkennedy","Kennedy, Mark","R"," Minnesota","MN",6,"http://markkennedy.house.gov/",,
"patrickkennedy","Kennedy, Patrick J.","D"," Rhode Island","RI",1,"http://house.gov/patrickkennedy/",,
"kildee","Kildee, Dale E.","D"," Michigan","MI",5,"http://house.gov/kildee/","gov.house.www/kildee",
"kilpatrick","Kilpatrick, Carolyn Cheeks","D"," Michigan","MI",13,"http://house.gov/kilpatrick/","gov.house.www/kilpatrick",
"kind","Kind, Ron","D"," Wisconsin","WI",3,"http://house.gov/kind/","gov.house.www/kind",
"king","King, Peter T.","R"," New York","NY",3,"http://house.gov/king/","gov.house.www/king",
"steveking","King, Steve","R"," Iowa","IA",5,"http://www.house.gov/steveking/",,
"kingston","Kingston, Jack","R"," Georgia","GA",1,"http://house.gov/kingston/",,
"kirk","Kirk, Mark Steven","R"," Illinois","IL",10,"http://house.gov/kirk/","gov.house.www/kirk",
"kleczka","Kleczka, Jerry","D"," Wisconsin","WI",4,"http://house.gov/kleczka/","gov.house.www/kleczka",
"knollenberg","Knollenberg, Joe","R"," Michigan","MI",9,"http://house.gov/knollenberg/","gov.house.www/knollenberg",
"kolbe","Kolbe, Jim","R"," Arizona","AZ",8,"http://house.gov/kolbe/","gov.house.www/kolbe",
"kucinich","Kucinich, Dennis J.","D"," Ohio","OH",10,"http://house.gov/kucinich/","gov.house.www/kucinich",
"lahood","LaHood, Ray","R"," Illinois","IL",18,"http://house.gov/lahood/","gov.house.www/lahood",
"lampson","Lampson, Nick","D"," Texas","TX",9,"http://house.gov/lampson/","gov.house.www/lampson",
"langevin","Langevin, James","D"," Rhode Island","RI",2,"http://house.gov/langevin/","gov.house.www/langevin",
"lantos","Lantos, Tom","D"," California","CA",12,"http://house.gov/lantos/","gov.house.www/lantos",
"larsen","Larsen, Rick","D"," Washington","WA",2,"http://house.gov/larsen/","gov.house.www/larsen",
"larson","Larson, John B.","D"," Connecticut","CT",1,"http://house.gov/larson/","gov.house.www/larson",
"latham","Latham, Tom","R"," Iowa","IA",4,"http://house.gov/latham/","gov.house.www/latham",
"latourette","LaTourette, Steven C.","R"," Ohio","OH",14,"http://house.gov/latourette/","gov.house.www/latourette",
"leach","Leach, Jim","R"," Iowa","IA",2,"http://house.gov/leach/","gov.house.www/leach",
"lee","Lee, Barbara","D"," California","CA",9,"http://house.gov/lee/","gov.house.www/lee",
"jerrylewis","Lewis, Jerry","R"," California","CA",41,"http://house.gov/jerrylewis/","gov.house.www/jerrylewis",
"johnlewis","Lewis, John","D"," Georgia","GA",5,"http://house.gov/johnlewis/",,
"ronlewis","Lewis, Ron","R"," Kentucky","KY",2,"http://house.gov/ronlewis/","gov.house.www/ronlewis",
"linder","Linder, John","R"," Georgia","GA",7,"http://house.gov/linder/","gov.house.linder","gov.house.www/linder"
"lipinski","Lipinski, Bill","D"," Illinois","IL",3,"http://house.gov/lipinski/","gov.house.www/lipinski",
"lobiondo","LoBiondo, Frank A.","R"," New Jersey","NJ",2,"http://www.house.gov/lobiondo/","gov.house.www/lobiondo",
"zoelofgren","Lofgren, Zoe","D"," California","CA",16,"http://zoelofgren.house.gov/","gov.house.zoelofgren",
"lowey","Lowey, Nita M.","D"," New York","NY",18,"http://house.gov/lowey/","gov.house.www/lowey",
"lucas","Lucas, Frank","R"," Oklahoma","OK",3,"http://house.gov/lucas/","gov.house.www/lucas",
"kenlucas","Lucas, Ken","R"," Kentucky","KY",4,"http://house.gov/kenlucas/",,
"lynch","Lynch, Stephen F.","D"," Massachusetts","MA",9,"http://house.gov/lynch/","gov.house.www/lynch",
"majette","Majette, Denise L.","D"," Georgia","GA",4,"http://www.house.gov/majette/","gov.house.www/majette",
"maloney","Maloney, Carolyn B.","D"," New York","NY",14,"http://house.gov/maloney/",,
"manzullo","Manzullo, Don","R"," Illinois","IL",16,"http://house.gov/manzullo/","gov.house.manzullo","gov.house.manzullo/NR"
"markey","Markey, Edward J.","D"," Massachusetts","MA",7,"http://house.gov/markey/","gov.house.www/markey",
"jimmarshall","Marshall, Jim","D"," Louisiana","GA",3,"http://jimmarshall.house.gov/","gov.house.jimmarshall",
"matheson","Matheson, Jim","D"," Washington","UT",2,"http://matheson.house.gov/","gov.house.www/matheson","gov.house.matheson"
"matsui","Matsui, Robert T.","D"," California","CA",5,"http://house.gov/matsui/","gov.house.www/matsui",
"carolynmccarthy","McCarthy, Carolyn","D"," New York","NY",4,"http://house.gov/carolynmccarthy/","gov.house.www/carolynmccarthy",
"karenmccarthy","McCarthy, Karen","D"," Missouri","MO",5,"http://house.gov/karenmccarthy/","gov.house.www/karenmccarthy",
"mccotter","McCotter, Thaddeus G.","R"," Michigan","MI",11,"http://www.house.gov/mccotter/",,
"mccrery","McCrery, Jim","R"," Georgia","LA",4,"http://house.gov/mccrery/","gov.house.www/mccrery",
"mcdermott","McDermott, Jim","D"," Utah","WA",7,"http://house.gov/mcdermott/","gov.house.www/mcdermott",
"mcgovern","McGovern, James P.","D"," Massachusetts","MA",3,"http://house.gov/mcgovern/","gov.house.www/mcgovern",
"mchugh","McHugh, John M.","R"," New York","NY",23,"http://house.gov/mchugh/","gov.house.www/mchugh","gov.house.mchugh"
"mcinnis","McInnis, Scott","R"," Colorado","CO",3,"http://house.gov/mcinnis/","gov.house.www/mcinnis",
"mcintyre","McIntyre, Mike","D"," North Carolina","NC",7,"http://house.gov/mcintyre/","gov.house.www/mcintyre",
"mckeon","McKeon, Buck","R"," California","CA",25,"http://house.gov/mckeon/","gov.house.www/mckeon",
"mcnulty","McNulty, Michael","D"," New York","NY",21,"http://house.gov/mcnulty/","gov.house.www/mcnulty",
"meehan","Meehan, Marty","D"," Massachusetts","MA",5,"http://house.gov/meehan/","gov.house.www/meehan",
"kenmeek","Meek, Kendrick B.","D"," Florida","FL",17,"http://www.house.gov/kenmeek/","gov.house.www/kenmeek",
"meeks","Meeks, Gregory W.","D"," New York","NY",6,"http://house.gov/meeks/","gov.house.www/meeks",
"menendez","Menendez, Robert","D"," New Jersey","NJ",13,"http://menendez.house.gov/","gov.house.menendez",
"mica","Mica, John L.","R"," Florida","FL",7,"http://house.gov/mica/","gov.house.www/mica",
"michaud","Michaud, Michael H.","D"," Maine","ME",2,"http://michaud.house.gov/",,
"millender-mcdonald","Millender-McDonald, Juanita","D"," California","CA",37,"http://house.gov/millender-mcdonald/","gov.house.www/millender-mcdonald",
"bradmiller","Miller, Brad","D"," North Carolina","NC",13,"http://www.house.gov/bradmiller/",,
"candicemiller","Miller, Candice S.","R"," Michigan","MI",10,"http://www.house.gov/candicemiller/",,
"garymiller","Miller, Gary","R"," California","CA",42,"http://house.gov/garymiller/",,
"georgemiller","Miller, George","D"," California","CA",7,"http://house.gov/georgemiller/",,
"jeffmiller","Miller, Jeff","R"," Florida","FL",1,"http://house.gov/jeffmiller/",,
"mollohan","Mollohan, Alan B.","D"," West Virginia","WV",1,"http://house.gov/mollohan/","gov.house.www/mollohan",
"moore","Moore, Dennis","D"," Kansas","KS",3,"http://house.gov/moore/","gov.house.www/moore",
"moranks01","Moran, Jerry","R"," Kansas","KS",1,"http://house.gov/moranks01/",,
"moran","Moran, Jim","D"," Virginia","VA",8,"http://house.gov/moran/","gov.house.moran",
"murphy","Murphy, Tim","R"," Pennsylvania","PA",18,"http://murphy.house.gov/","gov.house.murphy",
"murtha","Murtha, John","D"," Pennsylvania","PA",12,"http://house.gov/murtha/","gov.house.www/murtha",
"musgrave","Musgrave, Marilyn N.","R"," Colorado","CO",4,"http://wwwc.house.gov/musgrave/","gov.house.wwwc/musgrave","gov.house.www/musgrave"
"myrick","Myrick, Sue","R"," North Carolina","NC",9,"http://house.gov/myrick/","gov.house.www/myrick",
"nadler","Nadler, Jerrold","D"," New York","NY",8,"http://house.gov/nadler/","gov.house.www/nadler",
"napolitano","Napolitano, Grace","D"," California","CA",38,"http://napolitano.house.gov/","gov.house.napolitano","gov.house.www/napolitano"
"neal","Neal, Richard E.","D"," Massachusetts","MA",2,"http://house.gov/neal/","gov.house.www/neal",
"nethercutt","Nethercut, George R.","R"," Washington","WA",5,"http://house.gov/nethercutt/","gov.house.www/nethercutt",
"neugebauer","Neugebauer, Randy","R"," Texas","TX",19,"http://www.house.gov/neugebauer/","gov.house.www/neugebauer",
"ney","Ney, Bob","R"," Ohio","OH",18,"http://house.gov/ney/","gov.house.www/ney",
"northup","Northup, Anne M.","R"," Kentucky","KY",3,"http://northup.house.gov/","gov.house.northup",
"norton","Norton, Eleanor Holmes","D"," District of Columbia","DC",,"http://www.norton.house.gov/","gov.house.www/norton","gov.house.norton"
"norwood","Norwood, Charles W.","R"," Georgia","GA",9,"http://house.gov/norwood/","gov.house.www/norwood",
"nunes","Nunes, Devin","R"," California","CA",21,"http://www.nunes.house.gov/","gov.house.www/nunes","gov.house.nunes"
"nussle","Nussle, Jim","R"," Iowa","IA",1,"http://nussle.house.gov/","gov.house.nussle","gov.house.www/nussle"
"oberstar","Oberstar, James L.","D"," Minnesota","MN",8,"http://house.gov/oberstar/","gov.house.wwwc/oberstar","gov.house.www/oberstar"
"obey","Obey, David R.","D"," Wisconsin","WI",7,"http://house.gov/obey/","gov.house.www/obey",
"olver","Olver, John","D"," Massachusetts","MA",1,"http://house.gov/olver/","gov.house.www/olver",
"ortiz","Ortiz, Solomon P.","D"," Texas","TX",27,"http://house.gov/ortiz/","gov.house.www/ortiz",
"osborne","Osborne, Tom","R"," Nebraska","NE",3,"http://house.gov/osborne/","gov.house.www/osborne",
"ose","Ose, Doug","R"," California","CA",3,"http://house.gov/ose/","gov.house.www/ose",
"otter","Otter, C.L. ""Butch""","R"," Idaho","ID",1,"http://house.gov/otter/","gov.house.www/otter",
"owens","Owens, Major R.","D"," New York","NY",11,"http://house.gov/owens/","gov.house.www/owens",
"oxley","Oxley, Michael G.","R"," Ohio","OH",4,"http://house.gov/oxley/","gov.house.www/oxley",
"pallone","Pallone, Frank, Jr.","D"," New Jersey","NJ",6,"http://house.gov/pallone/","gov.house.www/pallone",
"pascrell","Pascrell, Bill","D"," New Jersey","NJ",8,"http://pascrell.house.gov/","gov.house.pascrell",
"pastor","Pastor, Ed","D"," Arizona","AZ",4,"http://house.gov/pastor/","gov.house.www/pastor",
"paul","Paul, Ron","R"," Texas","TX",14,"http://house.gov/paul/","gov.house.www/paul",
"payne","Payne, Donald M.","D"," New Jersey","NJ",10,"http://house.gov/payne/","gov.house.www/payne",
"pearce","Pearce, Steve","R"," New Mexico","NM",2,"http://www.house.gov/pearce/","gov.house.www/pearce",
"pelosi","Pelosi, Nancy","D"," California","CA",8,"http://house.gov/pelosi/","gov.house.www/pelosi",
"mikepence","Pence, Mike","R"," Indiana","IN",6,"http://mikepence.house.gov/","gov.house.mikepence",
"collinpeterson","Peterson, Collin C.","D"," Minnesota","MN",7,"http://collinpeterson.house.gov/","gov.house.collinpeterson",
"johnpeterson","Peterson, John E.","R"," Pennsylvania","PA",5,"http://house.gov/johnpeterson/",,
"petri","Petri, Tom","R"," Wisconsin","WI",6,"http://house.gov/petri/","gov.house.www/petri",
"pickering","Pickering, Charles W. ""Chip""","R"," Mississippi","MS",3,"http://house.gov/pickering/","gov.house.www/pickering",
"pitts","Pitts, Joe","R"," Pennsylvania","PA",16,"http://house.gov/pitts/","gov.house.www/pitts",
"platts","Platts, Todd","R"," Pennsylvania","PA",19,"http://house.gov/platts/","gov.house.www/platts",
"pombo","Pombo, Richard","R"," California","CA",11,"http://house.gov/pombo/pombo.htm","gov.house.www/pombo","gov.house.pombo"
"pomeroy","Pomeroy, Earl","D"," North Dakota","ND",,"http://house.gov/pomeroy/","gov.house.www/pomeroy",
"portman","Portman, Rob","R"," Nevada","OH",2,"http://house.gov/portman/","gov.house.www/portman",
"price","Price, David","D"," North Carolina","NC",4,"http://house.gov/price/","gov.house.www/price",
"pryce","Pryce, Deborah","R"," Ohio","OH",15,"http://house.gov/pryce/","gov.house.www/pryce",
"putnam","Putnam, Adam H.","R"," Florida","FL",12,"http://house.gov/putnam/","gov.house.www/putnam",
"quinn","Quinn, Jack","R"," New York","NY",27,"http://house.gov/quinn/","gov.house.www/quinn","gov.house.quinn"
"radanovich","Radanovich, George","R"," California","CA",19,"http://radanovich.house.gov/","gov.house.radanovich","gov.house.www/radanovich"
"rahall","Rahall, Nick","D"," West Virginia","WV",3,"http://house.gov/rahall/","gov.house.www/rahall",
"ramstad","Ramstad, Jim","R"," Minnesota","MN",3,"http://house.gov/ramstad/","gov.house.www/ramstad",
"rangel","Rangel, Charles B.","D"," New York","NY",15,"http://house.gov/rangel/","gov.house.rangel","gov.house.www/rangel"
"reed","Reed, Jack",," Rhode Island",,,,,
"wwwa","Regula, Ralph","R"," Ohio","OH",16,"http://wwwa.house.gov/regula/","gov.house.wwwa/regula",
"rehberg","Rehberg, Denny","R"," Montana","MT",,"http://house.gov/rehberg/","gov.house.www/rehberg",
"renzi","Renzi, Rick","R"," Arizona","AZ",1,"http://www.house.gov/renzi/",,
"reyes","Reyes, Silvestre","D"," Texas","TX",16,"http://house.gov/reyes/","gov.house.wwwc/reyes","gov.house.www/reyes"
"reynolds","Reynolds, Tom","R"," New York","NY",26,"http://house.gov/reynolds/","gov.house.www/reynolds",
"rodriguez","Rodriguez, Ciro D.","D"," Texas","TX",28,"http://house.gov/rodriguez/","gov.house.rodriguez",
"rogers","Rogers, Hal","R"," Kentucky","KY",5,"http://house.gov/rogers/","gov.house.www/rogers",
"mikerogers","Rogers, Mike","R"," Alabama","AL",3,"http://house.gov/mikerogers/",,
"mike-rogers","Rogers, Mike","R"," Michigan","MI",8,"http://www.house.gov/mike-rogers/",,
"rohrabacher","Rohrabacher, Dana","R"," California","CA",46,"http://house.gov/rohrabacher/","gov.house.www/rohrabacher",
"ros-lehtinen","Ros-Lehtinen, Ileana","R"," Florida","FL",18,"http://house.gov/ros-lehtinen/","gov.house.www/ros-lehtinen",
"ross","Ross, Mike","D"," Arkansas","AR",4,"http://house.gov/ross/","gov.house.www/ross",
"rothman","Rothman, Steve","D"," New Jersey","NJ",9,"http://house.gov/rothman/","gov.house.www/rothman","gov.house.rothman"
"roybal-allard","Roybal-Allard, Lucille","D"," California","CA",34,"http://house.gov/roybal-allard/",,
"royce","Royce, Ed","R"," California","CA",40,"http://house.gov/royce/","gov.house.royce",
"ruppersberger","Ruppersberger, C.A. Dutch","D"," Maryland","MD",2,"http://www.house.gov/ruppersberger/","gov.house.www/ruppersberger",
"rush","Rush, Bobby L.","D"," Illinois","IL",1,"http://house.gov/rush/","gov.house.www/rush",
"ryan","Ryan, Paul","R"," Wisconsin","WI",1,"http://house.gov/ryan/","gov.house.www/ryan",
"timryan","Ryan, Tim","D"," Ohio","OH",17,"http://timryan.house.gov/",,
"ryun","Ryun, Jim","R"," Kansas","KS",2,"http://www.ryun.house.gov/","gov.house.ryun",
"sabo","Sabo, Martin Olav","D"," Minnesota","MN",5,"http://house.gov/sabo/","gov.house.www/sabo",
"sanchez","Sanchez, Loretta","D"," California","CA",47,"http://house.gov/sanchez/","gov.house.www/sanchez",
"bernie","Sanders, Bernie","I"," Vermont","VT",,"http://bernie.house.gov/","gov.house.bernie","gov.house.www/bernie"
"sandlin","Sandlin, Max","D"," Texas","TX",1,"http://house.gov/sandlin/","gov.house.www/sandlin",
"saxton","Saxton, Jim","R"," New Jersey","NJ",3,"http://house.gov/saxton/","gov.house.www/saxton",
"schakowsky","Schakowsky, Jan","D"," Illinois","IL",9,"http://house.gov/schakowsky/",,
"schiff","Schiff, Adam","D"," California","CA",29,"http://house.gov/schiff/","gov.house.www/schiff",
"schrock","Schrock, Ed","R"," Virginia","VA",2,"http://schrock.house.gov/","gov.house.schrock",
"davidscott","Scott, David","D"," Georgia","GA",13,"http://www.house.gov/davidscott/",,
"scott","Scott, Robert C. ""Bobby""","D"," Virginia","VA",3,"http://house.gov/scott/","gov.house.www/scott",
"sensenbrenner","Sensenbrenner, F. James","R"," Wisconsin","WI",5,"http://house.gov/sensenbrenner/","gov.house.www/sensenbrenner",
"serrano","Serrano, José E.","D"," New York","NY",16,"http://house.gov/serrano/","gov.house.www/serrano",
"sessionspete","Sessions, Pete","R"," Texas","TX",32,"http://house.gov/sessions/","gov.house.www/sessions",
"johnshadegg","Shadegg, John","R"," Arizona","AZ",3,"http://johnshadegg.house.gov/",,
"shaw","Shaw, E. Clay","R"," Florida","FL",22,"http://house.gov/shaw/","gov.house.www/shaw",
"shays","Shays, Christopher","R"," Connecticut","CT",4,"http://house.gov/shays/","gov.house.www/shays",
"sherman","Sherman, Brad","D"," California","CA",27,"http://house.gov/sherman/","gov.house.www/sherman",
"sherwood","Sherwood, Don","R"," Pennsylvania","PA",10,"http://house.gov/sherwood/","gov.house.www/sherwood",
"shimkus","Shimkus, John","R"," Illinois","IL",19,"http://house.gov/shimkus/","gov.house.www/shimkus",
"shuster","Shuster, Bill","R"," Pennsylvania","PA",9,"http://house.gov/shuster/","gov.house.www/shuster",
"lindasanchez","Sánchez, Linda T.","D"," California","CA",39,"http://www.house.gov/lindasanchez/",,
"simmons","Simmons, Rob","R"," Connecticut","CT",2,"http://house.gov/simmons/","gov.house.www/simmons",
"simpson","Simpson, Mike","R"," Idaho","ID",2,"http://house.gov/simpson/","gov.house.www/simpson",
"skelton","Skelton, Ike","D"," Missouri","MO",4,"http://house.gov/skelton/","gov.house.www/skelton",
"slaughter","Slaughter, Louise M.","D"," New York","NY",28,"http://house.gov/slaughter/","gov.house.slaughter",
"adamsmith","Smith, Adam","D"," Washington","WA",9,"http://house.gov/adamsmith/","gov.house.www/adamsmith",
"chrissmith","Smith, Chris","R"," New Jersey","NJ",4,"http://house.gov/chrissmith/","gov.house.www/chrissmith",
"lamarsmith","Smith, Lamar","R"," Texas","TX",21,"http://lamarsmith.house.gov/","gov.house.lamarsmith",
"nicksmith","Smith, Nick","R"," Michigan","MI",7,"http://house.gov/nicksmith/","gov.house.www/nicksmith",
"snyder","Snyder, Vic","D"," Arkansas","AR",2,"http://house.gov/snyder/","gov.house.www/snyder",
"solis","Solis, Hilda L.","D"," California","CA",32,"http://house.gov/solis/","gov.house.solis","gov.house.www/solis"
"souder","Souder, Mark","R"," Indiana","IN",3,"http://house.gov/souder/","gov.house.www/souder",
"spratt","Spratt, John","D"," South Carolina","SC",5,"http://house.gov/spratt/","gov.house.www/spratt",
"stark","Stark, Fortney Pete","D"," California","CA",13,"http://house.gov/stark/","gov.house.www/stark",
"stearns","Stearns, Cliff","R"," Florida","FL",6,"http://house.gov/stearns/","gov.house.www/stearns",
"stenholm","Stenholm, Charlie","D"," Texas","TX",17,"http://house.gov/stenholm/","gov.house.www/stenholm",
"strickland","Strickland, Ted","D"," Ohio","OH",6,"http://house.gov/strickland/","gov.house.www/strickland",
"stupak","Stupak, Bart","D"," Michigan","MI",1,"http://house.gov/stupak/","gov.house.www/stupak",
"sullivan","Sullivan, John","R"," Oklahoma","OK",1,"http://sullivan.house.gov/","gov.house.sullivan",
"sweeney","Sweeney, John E.","R"," New York","NY",20,"http://house.gov/sweeney/",,
"tancredo","Tancredo, Tom","R"," Colorado","CO",6,"http://house.gov/tancredo/","gov.house.www/tancredo",
"tanner","Tanner, John","D"," Tennessee","TN",8,"http://house.gov/tanner/index.htm","gov.house.www/tanner",
"tauscher","Tauscher, Ellen","D"," California","CA",10,"http://house.gov/tauscher/","gov.house.www/tauscher",
"tauzin","Tauzin, Billy","R"," Louisiana","LA",3,"http://house.gov/tauzin/","gov.house.www/tauzin",
"charlestaylor","Taylor, Charles H.","R"," North Carolina","NC",11,"http://house.gov/charlestaylor/",,
"genetaylor","Taylor, Gene","D"," Mississippi","MS",4,"http://house.gov/genetaylor/","gov.house.www/genetaylor",
"leeterry","Terry, Lee","R"," Nebraska","NE",2,"http://leeterry.house.gov/",,
"billthomas","Thomas, Bill","R"," California","CA",22,"http://house.gov/billthomas/",,
"thompson","Thompson, Bennie G.","D"," Mississippi","MS",2,"http://house.gov/thompson/","gov.house.www/thompson",
"mthompson","Thompson, Mike","D"," California","CA",1,"http://house.gov/mthompson/",,
"thornberry","Thornberry, Mac","R"," Texas","TX",13,"http://house.gov/thornberry/",,
"tiahrt","Tiahrt, Todd","R"," Kansas","KS",4,"http://house.gov/tiahrt/","gov.house.www/tiahrt",
"tiberi","Tiberi, Patrick J.","R"," Ohio","OH",12,"http://house.gov/tiberi/","gov.house.www/tiberi",
"tierney","Tierney, John F.","D"," Massachusetts","MA",6,"http://house.gov/tierney/",,
"toomey","Toomey, Pat","R"," Pennsylvania","PA",15,"http://house.gov/toomey/","gov.house.www/toomey",
"towns","Towns, Edolphus","D"," New York","NY",10,"http://house.gov/towns/","gov.house.www/towns",
"turner","Turner, Jim","D"," Texas","TX",2,"http://house.gov/turner/","gov.house.www/turner",
"miketurner","Turner, Michael R.","R"," Ohio","OH",3,"http://www.house.gov/miketurner/",,
"markudall","Udall, Mark","D"," Colorado","CO",2,"http://house.gov/markudall/","gov.house.wwwc/markudall","gov.house.www/markudall"
"tomudall","Udall, Tom","D"," New Mexico","NM",3,"http://house.gov/tomudall/","gov.house.tomudall",
"upton","Upton, Fred","R"," Michigan","MI",6,"http://house.gov/upton/","gov.house.www/upton",
"vanhollen","Van Hollen, Chris","D"," Maryland","MD",8,"http://www.house.gov/vanhollen/","gov.house.www/vanhollen",
"velazquez","Velázquez, Nydia","D"," New York","NY",12,"http://house.gov/velazquez/","gov.house.www/velazquez",
"visclosky","Visclosky, Pete","D"," Indiana","IN",1,"http://house.gov/visclosky/","gov.house.www/visclosky",
"vitter","Vitter, David","R"," Louisiana","LA",1,"http://vitter.house.gov/","gov.house.vitter","gov.house.www/vitter"
"walden","Walden, Greg","R"," Oregon","OR",2,"http://house.gov/walden/","gov.house.www/walden","gov.house.walden"
"walsh","Walsh, James T.","R"," New York","NY",25,"http://house.gov/walsh/","gov.house.www/walsh",
"wamp","Wamp, Zach","R"," Tennessee","TN",3,"http://house.gov/wamp/","gov.house.www/wamp",
"waters","Waters, Maxine","D"," California","CA",35,"http://house.gov/waters/","gov.house.www/waters",
"watson","Watson, Diane","D"," California","CA",33,"http://house.gov/watson/","gov.house.www/watson",
"watt","Watt, Melvin L.","D"," North Carolina","NC",12,"http://house.gov/watt/","gov.house.www/watt","gov.house.www/watts"
"waxman","Waxman, Henry","D"," California","CA",30,"http://house.gov/waxman/","gov.house.henrywaxman","gov.house.waxman"
"weiner","Weiner, Anthony D.","D"," New York","NY",9,"http://house.gov/weiner/","gov.house.www/weiner",
"curtweldon","Weldon, Curt","R"," Pennsylvania","PA",7,"http://house.gov/curtweldon/",,
"weldon","Weldon, Dave","R"," Florida","FL",15,"http://house.gov/weldon/","gov.house.www/weldon",
"weller","Weller, Jerry","R"," Illinois","IL",11,"http://house.gov/weller/","gov.house.www/weller",
"wexler","Wexler, Robert","D"," Florida","FL",19,"http://house.gov/wexler/","gov.house.www/wexler",
"whitfield","Whitfield, Ed","R"," Kentucky","KY",1,"http://house.gov/whitfield/","gov.house.www/whitfield",
"wicker","Wicker, Roger","R"," Mississippi","MS",1,"http://house.gov/wicker/","gov.house.www/wicker",
"wilson","Wilson, Heather","R"," New Mexico","NM",1,"http://wilson.house.gov/","gov.house.wilson",
"joewilson","Wilson, Joe","R"," South Carolina","SC",2,"http://house.gov/joewilson/",,
"wolf","Wolf, Frank","R"," Virginia","VA",10,"http://house.gov/wolf/","gov.house.www/wolf",
"woolsey","Woolsey, Lynn","D"," California","CA",6,"http://woolsey.house.gov/","gov.house.woolsey",
"wu","Wu, David","D"," Oregon","OR",1,"http://house.gov/wu/","gov.house.www/wu",
"wynn","Wynn, Albert","D"," Maryland","MD",4,"http://house.gov/wynn/","gov.house.www/wynn","gov.house.wynn"
"young","Young, C.W. Bill","R"," Florida","FL",10,"http://house.gov/young/","gov.house.www/young",
"donyoung","Young, Don","R"," Alaska","AK",,"http://house.gov/donyoung/",,
